{
    "model_name": "DecisionTreeClassifier",
    "accuracy": 0.7758620689655172,
    "precision": 0.6470588235294118,
    "recall": 0.8048780487804879,
    "f1": 0.717391304347826
}