{
    "model_name": "DecisionTreeClassifierTuned",
    "accuracy": 0.7672413793103449,
    "precision": 0.6206896551724138,
    "recall": 0.8780487804878049,
    "f1": 0.7272727272727273,
    "best_cv_f1": 0.6962628750229582,
    "best_params": {
        "class_weight": "balanced",
        "criterion": "gini",
        "max_depth": 4,
        "min_samples_leaf": 10,
        "min_samples_split": 2
    }
}